Workbook

Sheet Summary
A1: Restful-Booker API Testing: Summary
A2: All figures below are formulas that read the Test_Cases and Defect_Log sheets.
A4: Metric | B4: Value
A5: Total test cases | B5: =COUNTA(Test_Cases!$A$4:$A$23) -> 20
A6: Functional test cases | B6: =COUNTIF(Test_Cases!$E$4:$E$23,"Functional") -> 8
A7: Negative and boundary test cases | B7: =COUNTIF(Test_Cases!$E$4:$E$23,"Negative") -> 12
A8: Passed | B8: =COUNTIF(Test_Cases!$L$4:$L$23,"Pass") -> 11
A9: Failed | B9: =COUNTIF(Test_Cases!$L$4:$L$23,"Fail") -> 9
A10: Pass rate | B10: =B9/B5 -> 0.45
A11: Negative tests that exposed a defect | B11: =COUNTIFS(Test_Cases!$E$4:$E$23,"Negative",Test_Cases!$L$4:$L$23,"Fail") -> 9
A12: Total Postman assertions | B12: =SUM(Test_Cases!$K$4:$K$23) -> 40
A13: Distinct defects logged | B13: =COUNTA(Defect_Log!$A$4:$A$10) -> 7
A14: Defects: Medium severity | B14: =COUNTIF(Defect_Log!$G$4:$G$10,"Medium") -> 5
A15: Defects: Low severity | B15: =COUNTIF(Defect_Log!$G$4:$G$10,"Low") -> 2
A17: Notes
A18: Scope: 8 functional requests (Ping, Auth, Get all ids, Create, Get by id, Update, Partial update, Delete) and 12 negative tests, run in Postman against a public practice API.
A19: Assertions are the pm.test checks inside the Postman scripts. They are counted separately from test cases; a test case can contain several assertions.
A20: The functional run passed all 27 assertions (see functional_run_27_passed.png). The negative tests are written to the correct behaviour, so a failed test means the API behaves differently from that expectation.
A21: Restful-Booker is a practice API and some defects may be deliberate. Defect status is Open because I do not control the API.
A22: The public API resets its data about every 10 minutes, so booking ids in the evidence will not exist when the tests are re-run.

Sheet Test_Cases
A1: Restful-Booker API: Test Cases
A2: API under test: https://restful-booker.herokuapp.com (public practice API). Tool: Postman. Test IDs TC01-TC08 are functional; TC09-TC20 are negative and boundary tests.
A3: TC ID | B3: Req ID | C3: Test Case | D3: Postman Request | E3: Type | F3: Method | G3: Endpoint | H3: Steps | I3: Expected Result | J3: Actual Result | K3: Assertions | L3: Status | M3: Defect ID | N3: Evidence
A4: TC01 | B4: R01 | C4: API health check responds | D4: Ping | E4: Functional | F4: GET | G4: /ping | H4: Send GET /ping | I4: 201 Created, response time under 5 s | J4: 201 Created | K4: 2 | L4: Pass | N4: functional_run_27_passed.png
A5: TC02 | B5: R02 | C5: Valid credentials return a token | D5: Auth | E5: Functional | F5: POST | G5: /auth | H5: Send POST /auth with valid username and password | I5: 200 OK, token returned as a non-empty string | J5: 200 OK, token returned and saved to environment | K5: 2 | L5: Pass | N5: functional_run_27_passed.png
A6: TC03 | B6: R04 | C6: List all booking ids | D6: Get all booking ids | E6: Functional | F6: GET | G6: /booking | H6: Send GET /booking | I6: 200 OK, non-empty list where every item has a numeric bookingid | J6: 200 OK, list of booking ids returned | K6: 4 | L6: Pass | N6: functional_run_27_passed.png
A7: TC04 | B7: R03 | C7: Create a booking with valid data | D7: Create booking | E7: Functional | F7: POST | G7: /booking | H7: Send POST /booking with a valid body | I7: 200 OK, numeric bookingid, returned booking matches the request | J7: 200 OK, bookingid returned and saved, all fields match | K7: 4 | L7: Pass | N7: functional_run_27_passed.png
A8: TC05 | B8: R04 | C8: Get a booking by id | D8: Get booking by id | E8: Functional | F8: GET | G8: /booking/{id} | H8: Send GET /booking/{booking_id} | I8: 200 OK, all 6 fields present with correct data types and values | J8: 200 OK, fields, types and values correct | K8: 5 | L8: Pass | N8: functional_run_27_passed.png
A9: TC06 | B9: R05 | C9: Update a booking (full update) | D9: Update booking | E9: Functional | F9: PUT | G9: /booking/{id} | H9: Send PUT /booking/{booking_id} with Basic Auth and a full body | I9: 200 OK, all updated values returned | J9: 200 OK, updated values returned | K9: 3 | L9: Pass | N9: functional_run_27_passed.png
A10: TC07 | B10: R05 | C10: Partially update a booking | D10: Partial update | E10: Functional | F10: PATCH | G10: /booking/{id} | H10: Send PATCH /booking/{booking_id} with Basic Auth and two fields | I10: 200 OK, sent fields changed, other fields unchanged | J10: 200 OK, patched fields changed, others unchanged | K10: 4 | L10: Pass | N10: functional_run_27_passed.png
A11: TC08 | B11: R06 | C11: Delete a booking | D11: Delete booking | E11: Functional | F11: DELETE | G11: /booking/{id} | H11: Send DELETE /booking/{booking_id} with Basic Auth | I11: 201 Created with body 'Created' (documented behaviour of this API) | J11: 201 Created, body 'Created' | K11: 3 | L11: Pass | N11: functional_run_27_passed.png
A12: TC09 | B12: R02 | C12: Auth with a wrong password is rejected | D12: NEG-01 Auth wrong password | E12: Negative | F12: POST | G12: /auth | H12: Send POST /auth with username admin and password wrongpassword | I12: 401 or 403, no token | J12: 200 OK with body {"reason":"Bad credentials"}; no token returned | K12: 2 | L12: Fail | M12: API-DEF-01 | N12: NEG-01_API-DEF-01_test_failed.png; NEG-01_API-DEF-01_response_body.png
A13: TC10 | B13: R05 | C13: Update without logging in is rejected | D13: NEG-02 Update without auth | E13: Negative | F13: PUT | G13: /booking/{id} | H13: Send PUT /booking/{booking_id} with No Auth | I13: 401 or 403 | J13: 403 Forbidden | K13: 1 | L13: Pass | N13: NEG-02_pass_403.png
A14: TC11 | B14: R06 | C14: Delete with an invalid token is rejected | D14: NEG-03 Delete invalid token | E14: Negative | F14: DELETE | G14: /booking/{id} | H14: Send DELETE /booking/{booking_id} with Cookie token=invalidtoken123 | I14: 401 or 403 | J14: 403 Forbidden | K14: 1 | L14: Pass | N14: NEG-03_pass_403.png
A15: TC12 | B15: R03 | C15: Create booking with firstname missing | D15: NEG-04 Create missing firstname | E15: Negative | F15: POST | G15: /booking | H15: Send POST /booking with a valid body but no firstname | I15: 400 Bad Request | J15: 500 Internal Server Error | K15: 1 | L15: Fail | M15: API-DEF-02 | N15: NEG-04_API-DEF-02_response_500.png; NEG-04_API-DEF-02_test_failed.png
A16: TC13 | B16: R03 | C16: Create booking with a text totalprice | D16: NEG-05 Create text price | E16: Negative | F16: POST | G16: /booking | H16: Send POST /booking with totalprice "abc" | I16: 400 Bad Request | J16: 200 OK, booking 4332 created with totalprice null | K16: 1 | L16: Fail | M16: API-DEF-03 | N16: NEG-05_API-DEF-03_test_failed.png; NEG-05_API-DEF-03_response_body.png
A17: TC14 | B17: R05 | C17: Update a nonexistent booking | D17: NEG-06 Update nonexistent booking | E17: Negative | F17: PUT | G17: /booking/99999999 | H17: Send PUT /booking/99999999 with valid Basic Auth and a valid body | I17: 404 Not Found | J17: 405 Method Not Allowed | K17: 1 | L17: Fail | M17: API-DEF-04 | N17: NEG-06_API-DEF-04_response_405.png
A18: TC15 | B18: R04 | C18: Get a nonexistent booking | D18: NEG-07 Get nonexistent booking | E18: Negative | F18: GET | G18: /booking/99999999 | H18: Send GET /booking/99999999 | I18: 404 Not Found | J18: 404 Not Found | K18: 1 | L18: Pass | N18: NEG-07_pass_404.png
A19: TC16 | B19: R06 | C19: Delete a nonexistent booking | D19: NEG-08 Delete nonexistent booking | E19: Negative | F19: DELETE | G19: /booking/99999999 | H19: Send DELETE /booking/99999999 with valid Basic Auth | I19: 404 Not Found | J19: 405 Method Not Allowed | K19: 1 | L19: Fail | M19: API-DEF-04 | N19: NEG-08_API-DEF-04_response_405.png
A20: TC17 | B20: R03 | C20: Create booking with checkout before checkin | D20: NEG-09 Create checkout before checkin | E20: Negative | F20: POST | G20: /booking | H20: Send POST /booking with checkin 2026-11-10 and checkout 2026-11-05 | I20: 400 Bad Request | J20: 200 OK, booking 5202 stored with checkin 2026-11-10 and checkout 2026-11-05 | K20: 1 | L20: Fail | M20: API-DEF-05 | N20: NEG-09_API-DEF-05_test_failed.png; NEG-09_API-DEF-05_response_body.png
A21: TC18 | B21: R03 | C21: Create booking with a negative totalprice | D21: NEG-10 Create negative price | E21: Negative | F21: POST | G21: /booking | H21: Send POST /booking with totalprice -50 | I21: 400 Bad Request | J21: 200 OK, booking 2803 stored with totalprice -50 | K21: 1 | L21: Fail | M21: API-DEF-06 | N21: NEG-10_API-DEF-06_test_failed.png; NEG-10_API-DEF-06_response_body.png
A22: TC19 | B22: R03 | C22: Create booking with an empty body | D22: NEG-11 Create empty body | E22: Negative | F22: POST | G22: /booking | H22: Send POST /booking with the body {} | I22: 400 Bad Request | J22: 500 Internal Server Error | K22: 1 | L22: Fail | M22: API-DEF-02 | N22: NEG-11_API-DEF-02_response_500.png
A23: TC20 | B23: R03 | C23: Create booking with a 5,000-character firstname | D23: NEG-12 Create very long firstname | E23: Negative | F23: POST | G23: /booking | H23: Send POST /booking with a firstname of 5,000 characters | I23: 400 or 413 | J23: 200 OK, booking created, 5.8 KB response | K23: 1 | L23: Fail | M23: API-DEF-07 | N23: NEG-12_API-DEF-07_test_failed.png

Sheet Defect_Log
A1: Restful-Booker API: Defect Log
A2: Severity and priority are the tester's assessment. Status Open means the defect is unresolved: this is a public practice API and I do not control its code.
A3: Defect ID | B3: Title | C3: Endpoint | D3: Steps to Reproduce | E3: Expected Result | F3: Actual Result | G3: Severity | H3: Priority | I3: Business Impact | J3: Found by Test | K3: Status | L3: Evidence
A4: API-DEF-01 | B4: POST /auth returns 200 OK for invalid credentials | C4: POST /auth | D4: Send POST /auth with username "admin" and password "wrongpassword" | E4: 401 Unauthorized (or 403), no token | F4: 200 OK with body {"reason":"Bad credentials"}; no token returned | G4: Medium | H4: P2 | I4: Clients that rely on the status code may treat a failed login as a success | J4: TC09 (NEG-01) | K4: Open | L4: NEG-01_API-DEF-01_test_failed.png; NEG-01_API-DEF-01_response_body.png
A5: API-DEF-02 | B5: POST /booking returns 500 Internal Server Error for incomplete or empty request bodies | C5: POST /booking | D5: 1. Send POST /booking with a valid body that has no "firstname". 2. Send POST /booking with the body {} | E5: 400 Bad Request with a validation message | F5: 500 Internal Server Error in both cases | G5: Medium | H5: P2 | I5: Invalid input crashes the request instead of being rejected, and clients get no useful error message | J5: TC12 (NEG-04), TC19 (NEG-11) | K5: Open | L5: NEG-04_API-DEF-02_response_500.png; NEG-04_API-DEF-02_test_failed.png; NEG-11_API-DEF-02_response_500.png
A6: API-DEF-03 | B6: POST /booking accepts a non-numeric totalprice and stores it as null | C6: POST /booking | D6: Send POST /booking with a valid body but "totalprice": "abc" | E6: 400 Bad Request, no booking created | F6: 200 OK, booking 4332 created with "totalprice": null | G6: Medium | H6: P2 | I6: Invalid input is silently accepted and corrupts stored data, so bookings can exist with no price | J6: TC13 (NEG-05) | K6: Open | L6: NEG-05_API-DEF-03_test_failed.png; NEG-05_API-DEF-03_response_body.png
A7: API-DEF-04 | B7: PUT and DELETE /booking/{id} return 405 Method Not Allowed for a nonexistent booking id | C7: PUT and DELETE /booking/{id} | D7: With valid Basic Auth, send PUT or DELETE to /booking/99999999 | E7: 404 Not Found (GET on the same id correctly returns 404, see TC15) | F7: 405 Method Not Allowed on both methods | G7: Low | H7: P3 | I7: Misleading status code: clients are told the method is unsupported when the booking is missing. The API is inconsistent with GET | J7: TC14 (NEG-06), TC16 (NEG-08) | K7: Open | L7: NEG-06_API-DEF-04_response_405.png; NEG-08_API-DEF-04_response_405.png; NEG-07_pass_404.png
A8: API-DEF-05 | B8: POST /booking accepts a checkout date earlier than the checkin date | C8: POST /booking | D8: Send POST /booking with checkin 2026-11-10 and checkout 2026-11-05 | E8: 400 Bad Request, no booking created | F8: 200 OK, booking 5202 created with checkin 2026-11-10 and checkout 2026-11-05 | G8: Medium | H8: P2 | I8: Logically invalid bookings are stored, which can break availability, pricing and reporting | J8: TC17 (NEG-09) | K8: Open | L8: NEG-09_API-DEF-05_test_failed.png; NEG-09_API-DEF-05_response_body.png
A9: API-DEF-06 | B9: POST /booking accepts a negative totalprice | C9: POST /booking | D9: Send POST /booking with a valid body but "totalprice": -50 | E9: 400 Bad Request, no booking created | F9: 200 OK, booking 2803 created with "totalprice": -50 | G9: Medium | H9: P2 | I9: Bookings with impossible prices can be stored, which corrupts revenue totals and reports | J9: TC18 (NEG-10) | K9: Open | L9: NEG-10_API-DEF-06_test_failed.png; NEG-10_API-DEF-06_response_body.png
A10: API-DEF-07 | B10: POST /booking accepts a 5,000-character firstname with no length validation | C10: POST /booking | D10: Send POST /booking with a valid body but a firstname of 5,000 characters | E10: 400 Bad Request (or 413 Payload Too Large) | F10: 200 OK, booking created, 5.8 KB response echoing the full name | G10: Low | H10: P3 | I10: No input size limits can lead to bloated data, display problems and abuse of storage | J10: TC20 (NEG-12) | K10: Open | L10: NEG-12_API-DEF-07_test_failed.png

Sheet Traceability
A1: Requirement Traceability Matrix
A2: Requirements are derived by the tester from the public Restful-Booker API documentation and standard REST conventions. They are not an official specification.
A3: Req ID | B3: Requirement | C3: Test Cases | D3: Tests Run | E3: Tests Failed | F3: Defects
A4: R01 | B4: The API reports that it is healthy | C4: TC01 | D4: =COUNTIF(Test_Cases!$B$4:$B$23,A4) -> 1 | E4: =COUNTIFS(Test_Cases!$B$4:$B$23,A4,Test_Cases!$L$4:$L$23,"Fail") -> 0 | F4: -
A5: R02 | B5: Valid credentials return a token; invalid credentials are rejected | C5: TC02, TC09 | D5: =COUNTIF(Test_Cases!$B$4:$B$23,A5) -> 2 | E5: =COUNTIFS(Test_Cases!$B$4:$B$23,A5,Test_Cases!$L$4:$L$23,"Fail") -> 1 | F5: API-DEF-01
A6: R03 | B6: Valid bookings are created; invalid input is rejected with a client error | C6: TC04, TC12, TC13, TC17, TC18, TC19, TC20 | D6: =COUNTIF(Test_Cases!$B$4:$B$23,A6) -> 7 | E6: =COUNTIFS(Test_Cases!$B$4:$B$23,A6,Test_Cases!$L$4:$L$23,"Fail") -> 6 | F6: API-DEF-02, API-DEF-03, API-DEF-05, API-DEF-06, API-DEF-07
A7: R04 | B7: Bookings can be listed and read; a nonexistent booking returns 404 | C7: TC03, TC05, TC15 | D7: =COUNTIF(Test_Cases!$B$4:$B$23,A7) -> 3 | E7: =COUNTIFS(Test_Cases!$B$4:$B$23,A7,Test_Cases!$L$4:$L$23,"Fail") -> 0 | F7: -
A8: R05 | B8: Only authorized users can update a booking; updates change the intended fields; nonexistent ids are handled | C8: TC06, TC07, TC10, TC14 | D8: =COUNTIF(Test_Cases!$B$4:$B$23,A8) -> 4 | E8: =COUNTIFS(Test_Cases!$B$4:$B$23,A8,Test_Cases!$L$4:$L$23,"Fail") -> 1 | F8: API-DEF-04
A9: R06 | B9: Only authorized users can delete a booking; nonexistent ids are handled | C9: TC08, TC11, TC16 | D9: =COUNTIF(Test_Cases!$B$4:$B$23,A9) -> 3 | E9: =COUNTIFS(Test_Cases!$B$4:$B$23,A9,Test_Cases!$L$4:$L$23,"Fail") -> 1 | F9: API-DEF-04
